Ligne,Traduction,Espaces placés au début,Révision 2022 (pour référence)
111,“Il fallait que ça tombe aujourd'hui......”,,“こんな日にかぎって……”
266,C'est vraiment pitoyable.,,まったく情けない。
267,"Ça fait déjà deux semaines que j'ai déménagé, mais dès que je relâche mon attention, je regrette les terres de mon enfance et m'apitoie sur mon sort.",,引っ越して二週間も経つのに、気を抜くと故郷を偲ぶ未練がましさに肩を落とす。
532,"『...... Je vois. En effet, il est plutôt bizarre......』",,『……たしかにズレてるわ、こいつ……』
575,"Sōjūrō s'inclina d'un air désolé, mû par un changement d'attitude inattendu.",,どんな心境の変化か、草十郎は申し訳なさそうに目を伏せていた。
593,"「Donc, c'est quoi que tu as de prévu exactement ?」",,「それで。いったい、何の用なの」
597,"『...... Je croyais m'être faite à son extravagance, mais il me prend encore parfois au dépourvu......』",,『……馴れ始めたつもりだったけど、コイツのこういったテンポには失神しそうになるわ……』
667,"「Non, attends, attends attends attends......!」",,「いや、待て待て待てーーーーっっっ！」
1044,「......,,「……
1045,"Aujourd'hui, quand je suis rentrée, j'ai vu quelque chose d'étrange, et je pensais en parler à quelqu'un, mais......」",,今日、帰ってくる時おかしな物を見て、誰かに話そうと思っていたんだけど……」
1084,"J'aurais dû me demander pourquoi tu es revenue après cinq heures, toi qui n'es dans aucun club et qui mets vingt minutes pour aller à l'école, en prenant en compte le temps de trajet en bus et à pied.」",,帰宅部、学校までバス・徒歩込みで片道二十分のあんたが、なんで五時以降に帰ってくんのか考えるべきだったわ！」
1092,"Quand tu as fait un tour au centre-ville et mangé des sushis pour me ramener des soba qui, pour une mystérieuse raison, se trouvaient dans un sac plastique de la supérette ?」",,あなたが都心に出向いた時、夕食にお寿司を食べてきたのに、お土産はなぜかコンビニエンスストアのビニール袋だったって話？」
1100,"「...... Ça va, j'ai compris. On peut dire qu'on est quittes maintenant ?」",,「……分かった。分かりました。じゃあ、今回のは前のと帳消しって事でいいわね？」
1213,"En tout cas, fais attention aux coins sombres la nuit. Faut dire que tu as une tête de pigeon.」",,ともかく、そういうワケなんで夜の暗がりは気をつけるぞなもし。静希、見るからにカモそうな顔してるし」
1231,"Le fait qu'un oiseau tombe,",,鳥が墜ちてくるコトも、
1330,"Voyons voir, si je me rappelle bien, le premier verset, c'est “Légèrement. Faiblement. Habilement. Rapidement. Tic tac tic tac, dépêche-toi dépêche-toi”, c'est ça ?」",,えーと、一節目はたしか、“軽く、弱く。巧く、速く。チクタクチクタク　急げや急げ”よね？」
1359,,1,
1370,"Hey diddle diddle,",,"Hey diddle diddle,"
1379,"The cow jump'd over the moon,",,"The cow jump'd over the moon,"
1504,"Broken down, broken down...",,"Broken down,broken down."
1541,"Broken down, broken down...",,"Broken down,broken down."
1636,"『La prochaine fois, pour sûr, on se montrera utiles ! Même si l'échec est notre apanage depuis la naissance !』",,『次、次はお役に立ちますきっと！　生まれてこの方、失敗続きのボクらだけど！』
1667,"「Eh bien... Si le ramassage des ordures ménagères ne rapporte pas tôt ou tard de l'argent, les bénéfices engendrés seront insuffisants, pas vrai ? Ça veut dire que l'État va bientôt arrêter de s'en occuper gratuitement.」",,「そうだなあ。粗大ゴミ回収は、金でも貰わねえとワリ合わなくなるんじゃねえか？　国が無料で回収するのはそろそろおしまいってトコ」
1668,"「Hein ? Qu'est-ce que tu racontes ? Les vieilles commodes se vendent bien cher, elles !",,「はあ？　なに言ってんのオマエ？　使い古しの箪笥とか高く売れるじゃん！
1689,"「Pourquoi il ne se passe jamais rien d'intéressant ? Quelqu'un ne pourrait pas, je sais pas moi, dessiner un cercle de culture quelque part sur le campus ?」",,「面白いコトねぇなあ。誰か、校庭にミステリーサークルとか作ってくんねぇかなあ」
1706,"Et si jamais il travaillait dans un endroit qui ne rentre pas tout à fait dans le cadre de la loi sur les normes du travail, ça serait gênant, non ? Pour nous comme pour lui.」",,仮に、もし認可していない、労働基準法に反してそうな所で働いてたら困るでしょ、学校も彼も」
1712,"En supposant qu'il ait un travail qui ne respecte pas les règles de l'école, ne serait-ce pas parce que l'école ne répond pas à sa demande ?」",,仮に彼が指定以外のアルバイトをしているとしたら、それは彼の要求に学校側が応えていないからではありませんか？」
1714,"Si vous le soupçonnez de travailler dans des lieux non recommandés par l'école, alors commencez par modifier le règlement qui stipule qu'un élève ne peut avoir qu'un seul emploi.」",,指定外のアルバイトを疑うのなら、まず“働き先は一生徒につき一件だけ”という規則を改めてください」
1826,"「Effectivement. D'habitude, on m'appelle la nuit, et je ne fais que discuter avec le prêtre. Avec toi......",,「そうですね。いつもは夜に呼ばれて、神父さまとだけお話をしていますから。唯架さんとは……
1953,"「...... Hmm. Je ne comprends pas trop, mais si jamais on se retrouve dans une situation difficile, on peut se rendre ici, c'est ça ?」",,「……はあ。よく分からないですけど、ピンチの時はここに転がりこめばいいんですね？」
2176,"Hier, j'ai reçu plein de restes du magasin. Des rouleaux de printemps ! Quand mon père a vu ça, il m'a cassé les oreilles à me dire qu'il ne fallait pas gâcher ce qu'on nous donne. Résultat, je n'ai que ça à manger.」",,オレさあ、昨日店の残り物もらいすぎたんだよ。春巻だよ春巻。それを見た親父がさあ、貰ったモンは残すなってうるさくてさあ。食いもん、春巻きしかねーんだわ」
2193,"Oooh, les ingrédients viennent du marché Nakayama et de la firme Macoy de la ville basse !」",,えー、食材は下町のなんでも商会、マーケット中山からの提供です！」
2196,"「Allez, Shizuki, n'hésite pas à te servir. Il y a encore plein d'ouvre-boîtes.」",,「ほら、静希も食べようぜー。缶切りならまだあるからさー」
2234,「Ta gueule nous dérange ! T'étais pas censé zoner du côté de la cafétéria ?」,,「テメエらのバカ顔にはこりごりだって、学食に陣取ってたんじゃなかったのかよー！」
2257,"「Ah... Non, nous autres, on a le corps fragile.... On va manger nos boîtes de conserve, peinards dans notre coin, d'accord ?」",,「あー……いや、僕ら、ちょっと体弱いんで……すみっちょで缶詰食べてますね？」
2276,"「Quoiii ?!!! Attends, c'est une véritable condamnation à mort ?! Le conseil étudiant est vraiment tyrannique !!!」",,@o「げぇぇぇ!!!?　ちょ、それ事実上の死刑宣告じゃん!?　生徒^会まじ横暴ー！！！！」
2340,"D'après toi, pourquoi m'a-t-elle confié cette tâche ?」",,あいつ、どうして俺にこんな役させたと思う？」
2351,「Ça montre à quel point ça m'a étonné.,,「いや、それほどのショックだったってワケだ。
2359,"「Merde, t'aurais pu le dire avant que je mange ! Et moi qui me suis dit que c'était trop bon !」",,「クソ、食う前に言えよな！　信じられねえぐらい美味いと思っちまったじゃねえか！」
2383,"「...... Je crois qu'il y a comme un léger malentendu, mais on verra ça après. D'abord, raconte-moi de quel drame tu parles.」",,「……君の言葉には誤解が含まれてるけど、それは後にする。それより、一年前の惨劇って？」
2410,Il se montrait si obstiné qu'Aozaki a fini par perdre patience. Elle l'a rejeté d'une manière que j'hésite un peu à décrire à haute voix.」,,あまりにしつこいんで蒼崎も堪忍袋の緒が切れたんだろう。ちょっと、口にするのは憚られる方法でふったんだよ」
2464,"Ce n'est pas comme si Aozaki détestait le type qu'elle a battu. En retournant le problème, ça ne veut pas dire qu'elle aime quelqu'un avec qui elle est aimable.",,蒼崎はケンカをした相手だろうと別に嫌うワケじゃない。逆に言えば、親切にしたって別に好かれるワケでもない。
2465,J'en suis un bon exemple.」,,いい例が俺だ」
2477,"「Tobimaru. Si je résume bien, tu veux juste faire l'éloge d'Aozaki ?」",,「いまの話を総合すると、君はたんに惚気たいのか？」
2487,"Ce n'est pas comme si cette princesse allait aimer quelqu'un qui lui a fait plaisir, ou détester quelqu'un parce qu'il a été vache avec elle.」",,いいコトをすれば好かれる、気に入らないコトをすれば嫌われる、ってワケじゃねえんだよ、あのお姫さまは」
2490,「Tobimaru. Tu n'as plus rien à me dire ?」,,「もう君からの話はないか？」
2523,"Ah, Kinomi est un idiot, alors il ne compte pas.」",,あ、木乃美くんはバカだから別だけど」
2546,"Je suis misanthrope, alors j'aime bien la personne que tu es......",,俺は人間嫌いだから、そんなおまえさんが気に入ってたりするんだが……
2555,"Mais peut-être qu'en ville, c'était quelque chose de possible. C'est ça que je voulais vérifier.」",,けど、都会じゃもしかしてそれも有りなのかもしれないだろ。確かめたかったのはそこなんだ」
2560,"Cet endroit regorge de choses inexistantes en montagne. Tout y est possible. Alors, je me disais qu'il y avait peut-être des gens capables de faire ça.」",,ここは山に無い物があふれている、何でもありの場所だ。だから、それぐらいやってのける人だって、もしかしているのかなと」
2574,"Sōjūrō, petit nouveau en ville, croyait à tort que tous les adolescents de son âge fréquentaient ce lycée, et en réalité, il n'était pas si loin que ça de la vérité.",,町にやってきて日の浅い草十郎は、同い年の少年少女は『みなこの学校の生徒である』と誤認していたのだが、幸か不幸か結論として間違いではなかった。
2615,"Je ne veux pas ! Tu sais ce que je ne veux pas ? Je ne veux pas être pris par la peau du cou et rangé avec des imbéciles pour faire les comptes ! J'en suis certain, dans le monde des adultes où règnent l'envie et la jalousie, mon cœur sera rapidement englouti et dissous comme un vulgaire comprimé dans un verre d'eau !」",,ああイヤだイヤだ、何がイヤかってバカどもと雁首ならべて金勘定するのがイヤだ！　ったく、嫉妬渦巻く大人の世界じゃ俺のオブラートみたいな心なんてぱっくり呑まれて溶けちまうコト請け合いだろうさ！」
2708,Ce serait du gâchis d'utiliser de la mémoire pour quelque chose d'aussi trivial. Déjà que le pourcentage d'utilisation des capacités du cerveau est minuscule.」,,そんなどうでもいい事に容量を使っちゃもったいないわよ？　ただでさえ脳の覚醒部分が少ないのに」
2718,,1,
2796,"Tobimaru découvrait ce nouveau fait, mais ce n'était pas comme si ça allait changer quelque chose à la situation.",,そんな新事実を発見した鳶丸だが、だからといってこの場がどうにかなる訳でもない。
2834,,1,
3007,"En quelques mots,",,つまり、
3008,voilà ce qu'il s'était passé la veille.,,昨日こんな事があった。
3025,"...Hey diddle diddle, the cat and the fiddle,",,"……Hey diddle diddle,The cat and the fiddle,"
3026,"The cow jumped over the moon,",,"The cow jump'd over the moon,"
3096,"Généralement, les Mages utilisaient la méthode du transfert. Qu'il y ait un lien physique ou non, il suffisait d'injecter le prana dans le dispositif.",,たいていの魔術師は転移方式だ。有線にしろ無線にしろ、式に魔力を注げばいい。
3225,「Hum ?,,「ん？
3226,"Ah, de mon côté, tout se passe comme prévu.",,あ、こっちは予定通りよ。
3274,"Si c'est pas la perfection, alors qu'est-ce qui l'est, Alice ?」",,これで完璧じゃなかったら何が完璧なのよ？」
3332,"「J'ai oublié son nom, mais c'est la même que celle qui apparaît dans <un roman chinois|La Pérégrination vers l'Ouest>.」",,「名前は忘れたけど、中国の小説に出てきたのと同じよ」
3334,"「Tu veux dire l'histoire des frères qui gardaient la caverne de Lotus ? Alors, c'est la même chose que cette gourde rouge ?",,「それって蓮華洞の番人の話？　じゃ、あの赤い瓢箪と同じなわけ？
3338,"「Pas la gourde rouge, mais la flasque de suif en jade.」",,「赤い瓢箪じゃなくて、羊脂玉の浄瓶の方」
3553,"「Oui. Les attaques en traître ne sont pas à mon goût. Si je dois le tuer, je le ferai à la loyale, après lui en avoir expliqué la raison.",,「ええ。騙し討ちは趣味じゃないから。殺すにしても正々堂々、正面から理由を言った後にする。
3558,"Je ne peux pas faire comme toi, alors je pensais opter pour un lieu où il n'est physiquement pas possible de s'échapper...... Tu as une idée ?」",,私は有珠のようにはいかないから、物理的に逃げられない場所にしようと思うんだけど……なにかアイデアない？」
3620,"À présent, elle était dans son monde et ne faisait même plus attention à Tobimaru.",,そこからは完全に彼女ひとりの世界で、鳶丸に対して気を配ってさえいない。
3698,"「Même si elle est élève dans une autre école, je ne pense pas que le fait de se trouver devant le portail...... soit un problème...... mais......」",,「他校の生徒でも、校門前にいるぐらいなら……別に問題はないと思う……けど……」
3833,"「Eh bien, plutôt que fatiguée, tu as l'air pleine de vie. Comme un loup qui était contraint de labourer un champ jusqu'à présent, et qui est excité de pouvoir enfin retourner à la chasse.」",,「そうだな、疲れているというより生き生きしているように見える。仕方なく畑をたがやしていた狼が、久しぶりに狩りにでる事になって気炎をあげている感じだ」
4018,"Je pense d'ailleurs que j'y suis allée un peu fort, mais comme tu mettais du temps à arriver, j'en ai profité pour m'amuser un peu.”",,自分でもやりすぎだって呆れたもんだけど、貴方が遊園地に来るのが遅かったから。ちょっと興に乗っちゃって”
4166,"“<Vivo in somno. Solitarie putresco in inferis|Je vis dans le sommeil. Je pourris, seule sous terre.>",,“Vivo in somno. Solitarie putresco in inferis.
4167,"<Hic dies meus obitus dies, et meus nativus dies. Te obeam.|Aujourd'hui est l'anniversaire de ma mort et celui de ma naissance. Je viens à ta rencontre.>”",,"@oHic dies meus obitus dies, et meus nativus dies. Te obeam.”"
4206,“...<Initio erraveramus. Dum vivimus dolores sunt.|Tout n'était que méprise. Si seulement je n'étais jamais venue au monde.>,,@o“―――Initio erraveramus. Dum vivimus dolores sunt.
4207,"<Nemo adiuvat. Nemo adiuvat. Nemo adiuvat.|Que quelqu'un me conjure, conjure, conjure, conjure, conjure, conjure, conjure, conjure, conjure――― !>”",,Nemo adiuvat. Nemo adiuvat. Nemo adiuvat.”
4218,"“... <Venite, Venite, Venite, meum sepulchrum veniteeeeeeee|... Bienvenue, bienvenue, dans ma tombe, bienvenuuuuuuue...>...”",,"“……Venite, Venite, Venite, meum sepulchrum ^veniteeeeeeee……”"
4362,"“...... Il n'a pas accompli son rôle, mais il a assuré pour le service après-vente. Je peux bien tenir ma promesse.”",,“……役割は果たさなかったけど、アフターケアは合格だし。約束は、守らなくちゃね”
4392,Une pèlerine noire flottait au-dessus de la grande place du parc d'attractions.,,降り立つ黒衣。
4483,Je considère quiconque qui perturbe mes sentiments comme un ennemi.」,,私は、私の感情を乱す奴が敵なのよ」
4496,"Mais comme ça, tu as compris, n'est-ce pas ? Surtout que c'est la deuxième fois pour toi.」",,でもこれで分かったでしょ？　二度目だものね、貴方にとっては」
4602,"Si tu parviens à t'enfuir jusqu'à ce que je les aie toutes tirées, tu auras gagné. Tout du moins, pour aujourd'hui.」",,そこまで逃げ切ればあなたの勝ちよ。とりあえず、今日のところはね」
4801,"「Je t'ai déjà dit que je le savais, non ?」",,「分かってるって言ってるでしょ」
4851,la “fille” rétractait son bras allongé grâce à un mécanisme inconnu.,,どのような機巧か、“彼女”は伸びきった腕を収納していく。
4902,"“<Vivo in somno. Solitarie putresco in inferis|Je vis dans le sommeil. Je pourris, seule sous terre.>.",,“Vivo in somno. Solitarie putresco in inferis.
4903,"<Hic dies meus obitus dies, et meus nativus dies. Te obeam.|Aujourd'hui est l'anniversaire de ma mort et de ma naissance. Je viens à ta rencontre.>”",,"@oHic dies meus obitus dies, et meus nativus dies. Te obeam.”"
4909,"“<Mea anima immortalis. Autem mea futura necata sunt|Je suis immortelle, mais mon futur a été annihilé.>.","center",“Mea anima immortalis. Autem mea futura necata sunt.
4910,<Manes sum. Animam definire ambiguum est|Je suis un spectre. La vie est une notion vague.>.,"center",Manes sum. Animam definire ambiguum est.
4911,"<Te odi, et te amo. Conveniamus in somnio ipso.|Toi, l'être haï, toi, l'être aimé. Je prie pour que nous nous voyons en rêve.>”","center","Te odi, et te amo. Conveniamus in somnio ipso.”"
4924,"“<Proximi mihi neglegentes fuerunt. Omnes nos peccantes fuimus|Le voisinage était indifférent avec moi. Nous sommes tous pécheurs,>,","center",“Proximi mihi neglegentes fuerunt. Omnes nos peccantes
4925,"<et omnes nos eidem fuimus, omnes nos peccatores sumus|nous étions coupables et semblables.>.","center","fuimus, et omnes nos eidem fuimus, omnes nos peccatores"
4926,"<Venite domum meam. Luto simile somnium|Bienvenue chez moi. Que ta mort soit horrible,>,","center","sumus. Venite domum meam. Luto simile somnium,"
4927,"<et pulveri simile cotidianum. Cor privo.|deviens poussière et murmure. Perce le cœur qui a quitté cette poitrine,>”","center",et pulveri simile cotidianum. Cor privo.”
4928,“<JE T'APPORTE LA MORT.|Te iudico.>”,"center",“「オマエニ、死ヲ」”
4954,"「Euh, pourquoi tu m'emmènes avec toi ?」",,「なんで俺を連れていってるんだ？」
4981,"Si elle avait été au niveau de sa colocataire, ce brouillage aurait rebondi au moment même où le bras l'avait touché, et aurait au contraire brûlé le Circuit adverse.",,彼女の同居人レベルなら、あんなジャミングはそれこそ腕が触れた時点で弾き、接触しようとした相手の回路を逆に焼き切ってしまうだろう。
5047,"“<Nemo meum funus meminit, qui doluit exstinctus est|Plus personne ne se rappelle de mon enterrement. Les proches endeuillés ont aussi disparu.>.",,"@o“Nemo meum funus meminit, qui doluit exstinctus est."
5048,"<Initio erraveramus. Dum vivimus dolores sunt|Depuis le départ, nous nous trompions. C'est douloureux de vivre.>.",,Initio erraveramus. Dum vivimus dolores sunt.
5049,"<Nemo adiuvat|Par pitié, que quelqu'un me sauve.>.”",,Nemo adiuvat.”
5151,“Vivo in somno. Solitarie putresco in inferis.,,“Vivo in somno. Solitarie putresco in inferis.
5152,"Hic dies meus obitus dies, et meus nativus dies. Te obeam.”",,"@oHic dies meus obitus dies, et meus nativus dies. Te obeam.”"
5211,“Mea anima immortalis. Autem mea futura necata sunt.,,“Mea anima immortalis. Autem mea futura necata sunt.
5212,Manes sum. Animam definire ambiguum est.”,,Manes sum. Animam definire ambiguum est.”
5228,Aoko avait parié qu'elle pourrait faire face à son adversaire si celui-ci n'était qu'une machine à tuer capable d'un nombre d'actions précis dans une situation donnée.,,この距離ならこの攻撃、といったテンプレートを行うだけの殺戮機巧なら対応できると、青子は己の運に賭けたのだ。
5267,"“<Intellectus non necessarius est. Pius quiescat|Renonce à ta droiture, dis adieu à ta piété.>.",,“Intellectus non necessarius est. Pius quiescat.
5268,"<O nostra essentia ablata fuit,|Nous sommes des bêtes, nous nous entre-dévorons, cette vie n'est que décoration.>",,"O nostra essentia ablata fuit,"
5269,<ratio fixa tantum est. Doloris initium cerebrum fuit.|Donc libère-toi de ton intelligence―――>”,,ratio fixa tantum est. Doloris initium cerebrum fuit”
5286,“<Vivo in somno. Solitarie putresco in inferis.|Je vis dans le sommeil. Je pourris toute seule dans la terre.>,,“Vivo in somno. Solitarie putresco in inferis.
5287,"<Hic dies meus obitus dies, et meus nativus dies. Te obeam.|Aujourd'hui est l'anniversaire de ma mort, et celui de ma naissance. Je viens à ta rencontre.>”",,"@oHic dies meus obitus dies, et meus nativus dies. Te obeam.”"
5293,"Le poème maudit, la source de sa puissance, servait aussi de système de défense qui rendait malade quiconque s'en approchait.",,人形の動力源である呪いの詩は、近寄る者に病をもたらす防衛機巧にもなっている。
5361,「...... Tu n'as pas pensé à te cacher en bas ?,,「……下で隠れていようとか思わなかったの？
5451,"Puisque je suis là, rentrons ensemble, Aoko. Ce serait davantage dans ton style. Par la même occasion, tu me parleras de la marionnette.」",,せっかくだし二人で帰りましょう。その方が貴女らしいわ。帰りしな、人形の話でも聞かせてちょうだい」
5453,"C'est bon, va paresser ailleurs, Alice. Enferme-toi dans ta chambre et va fabriquer tes étourneaux sans intérêt.」",,いいから帰れ帰れ、ぐうたら有珠。部屋に閉じこもって役に立たない椋鳥でも作ってろっての」
5462,"Tu es encore de leur côté, Aoko ? Ou bien, tu t'es prise d'affection pour lui ?」",,まだ半端にそっち側なの？　それとも情でも移った？」
5549,"「Tu es toujours aussi têtue. Mais tu ne trouves pas que tu es encore plus égoïste que d'habitude, Alice ?」",,「相変わらずお堅いこと。その殻、一段と独りよがりになってるんじゃない？」
5664,"「Non. Et puis, c'est plus réaliste de tenter ma chance ici que là-bas.」",,「まあね。それよりこっちの方が現実的だし」
5724,"...... Ça suffit, maintenant, vas-y. J'ai l'habitude de tout ça. Mais c'est différent pour toi. C'est la première fois que tu es confronté à ce genre de chose, non ?",,……もう、いいから行って。慣れているもの、私は。でも貴方は違う。こういうの初めてでしょ？
6031,"Non seulement elle ne vénérait pas le roi de la nuit qu'il était, mais en plus, elle lui avait clairement lancé un défi. Il n'y avait aucun moyen de calmer sa colère.",,夜の王たる自分を敬わぬばかりか、あんな、あからさまに挑戦状をたたき付けられては、怒りの収めようがない。
6406,"「C'est d'Aozaki qu'on parle, je suis sûr qu'elle ne l'a pas remarquée......!」",,「蒼崎のことだ、アレにぜったい気付いていない……！」
6497,"Je pense que même dans ces circonstances, ce n'est pas bien de gaspiller de la nourriture !」",,食べ物を粗末にするのはよくないと思う！」
6550,"Par chance, la personne à qui elle s'était adressée n'avait à l'évidence ni le calme ni le tact nécessaires pour réaliser cet aspect peu glorieux de la jeune fille.",,もちろん幸い、話しかけられた彼には、そんな彼女のいじらしさに気付く余裕も情緒も、ありはしなかったのだが。
6627,......... Ce n'est pas...,,………冗談じゃ、
6628,une blague.,,ない。
6647,Son coup asséné en pivotant de tout son corps lui avait magnifiquement fait perdre conscience.,,腰の入った一撃は、見事なまでに彼の意識を刈り取った。
6700,Le petit carrousel tournoyant sur lui-même.,,くるくると回りだす大小のゴーラウンド。
6908,「―――」,,「―――」
6946,"「Aozaki, et eux......?」",,「アイツらは……？」
7017,"「...... Écoute. Je te préviens, mais les trucs qui nous encerclent en ce moment ne sont rien d'autre que des hors-d'œuvre.",,「……あのね。いま私たちを取り囲んでるのはオマケにすぎないの。
7026,"Par exemple, il y a un monstre qui ne se réveillera pas s'il n'y a pas de rivière à proximité. Dans ce parc d'attractions, il n'y a que des fontaines, pas vrai ? Ses familiers sont des contes de fées prisonniers de leurs mythes.」",,たとえば川がないと目を覚まさない怪物もいる。この遊園地、噴水はあるけど川はないでしょ？　元になった童話しばりなの、あの子の使い魔は」
7028,"「Dans notre malheur, on a de la chance qu'il n'y ait pas de rivière ici. S'il y en avait eu une, elle aurait permis l'apparition d'une monstruosité spécialisée dans l'annihilation pure et simple.」",,「遊園地に川がないのは不幸中の幸いね。もしあったら、もっと直接制圧に向いた奴が出てきてた」
7112,"「On dirait qu'on ne peut rien faire, Aozaki !",,「っ、なんかどうしようもないぞ！
7140,"「Aozaki, et si on attrapait cette fille ?!」",,「あの子を捕まえるのは！？」
7168,"「Pas question ! Pour le moment, fuyons !」",,「それはイヤだ！　とりあえず逃げよう！」
7206,"「C'est dommage. Comme il s'agit d'Aoko, je pensais qu'elle serait venue me réduire en cendres avec la tour d'horloge.」",,「青子の事だから、時計台ごと私を焼き払いにくるかと思ったけど」
7259,C'était une des théories de Humpty Dumpty chantée dans Mother Goose.,,それがマザーグースに唄われるハンプティ・ダンプティの一節だ。
7489,「...... Est-ce qu'Aoko est au courant de ça ?」,,「……青子は、それを知っているの？」
7595,"Ça doit bien faire deux jours que tu es dans cette chambre à dormir, il a dû s'affaiblir après tout ce temps.",,まる二日経ってるし、寝てるだけでも体は弱ってるだろうし。
7686,"Tu dis que je suis sous surveillance, mais pourquoi on en est arrivés là ? Pour autant que je sache, je n'ai rien fait de mal, et puis d'abord, tu ne gagneras rien à garder un œil sur moi !",,監視するって言うけど、なんでそんな話になってるんだ？　考えられる範囲、悪いコトとかしてないし、そもそも俺を見張っても得なコトなんていっこもないし！
7687,Tu te trompes sur pas mal de points !」,,蒼崎は色々まちがってる！」
7700,"「Mais ça n'a pas vraiment de sens, non ?",,「けど、それはあまり意味がないんじゃないか？
7721,"C'est bien moins barbare que de vouloir tuer le témoin à tout prix, n'est-ce pas ?",,何でもいいから目撃者を殺す、なんて事より、こっちの方がよっぽど穏便でしょ。
7768,"「Oui. Je fais des mouvements de la main depuis tout à l'heure, et grâce à ça, mon sang a circulé.",,「さっきから手を動かしてたから、血は巡ってる。
7970,"Ce que je n'arrive pas à croire, c'est que vous mettiez la Magie en pratique à la moindre occasion. Il aurait suffi de me dire que c'est quelque chose d'effrayant.",,信じられないのは、なんでいちいち実践するかって事だ。魔術は恐いものなんだって言えば済むだろうに。
7971,"Et aussi, j'ai entendu ta voix menaçante, Aozaki.」",,それと、ぶっそうな蒼崎の声、聞こえてたぞ」
7973,"Mais c'est vrai que je voulais que tu le réalises clairement, et pas seulement avec des mots.",,けど、言葉じゃなくてきちんと実感してもらいたかったのは本当よ。
8060,"「...... Je ne comprends pas trop le mécanisme de la Magie, mais pour résumer, si vous ne la gardez pas secrète, elle s'affaiblit.",,「……魔術の仕組みはよく分からないけど、とにかく自分だけの秘密でないと弱くなるって事か。
8069,"「Et donc, ceux qui ont imposé ces règles à cette bande de types sans valeurs, c'est un rassemblement connu sous le nom d'Association des Mages. C'est comme un syndicat.",,そんなろくでもない連中にルールを敷いたのが、魔術協会っていう集まり。組合みたいなものよ。
8070,L'expression : “Gardez la Magie comme un mystère éternel”...... n'est qu'une règle imposée par ces types pour perpétuer la Magie en tant que telle.」,,“魔術を不朽の神秘とせよ”……というのは、魔術を魔術として永続させるために敷いたルールにすぎないわ」
8089,"L'Association des Mages, dont je parlais à l'instant, est une grande organisation administrant ces gens qui ont continué à exister humblement. Pour les Mages, c'est comme une instance divine.」",,さっき言った魔術協会っていうのは、そんな細々と続いてる連中を束ねる一大組織。魔術師にとって司法の神ってところかしらね」
8090,"「L'Association est divisée en différentes factions, mais la majorité des Mages sont affiliés à l'Association des Mages de Londres.",,「協会も色んな派閥に分かれるんだけど、大抵の魔術師はロンドンの魔術協会に属している。
8098,"en gros, les Mages cachaient leur identité, non pas pour eux-mêmes mais pour la Magie. Seulement, ces derniers temps, il est devenu plus important de cacher sa double vie.",,魔術師が正体を隠すのは自分のためじゃなく魔術のためだったけど、最近では自分の正体を隠すことの方が重要になっている。
8143,"Pour résumer, un Mage est un être inhumain qui fait des expériences magiques dès qu'il en a le temps, et qui peut devenir un monstre ou le diable en personne pour protéger les rites secrets transmis dans sa lignée de Mages―――au sein de sa famille.」",,ともかく、魔術師っていうのは暇さえあれば魔術の実験をしてる連中で―――自分の家系が伝えてきた秘儀を守るためなら鬼でも悪魔にでもなる」
8168,"Normalement, tu devrais être surpris, effrayé, nous ignorer, et finalement faire comme si nous n'existions pas. Alors, pourquoi tu m'as crue lorsque je t'ai dit que j'étais une Magicienne ?」",,普通は驚いたり恐がったり無視したりするものなのに、どうして魔法使いだ、なんて言った私を信じたの？」
8221,"En d'autres termes, vous vous battez pour ces terres ?」",,蒼崎たちは土地の奪い合いをしているんだな？」
8226,"Et puis, on dirait que Shizuki a compris qu'il y a d'autres Mages à part nous.",,静希君も、他に魔術師がいると分かってくれたようだし。
8265,Que pouvait donc bien signifier―――la résolution qu'elle venait d'exprimer―――en réduisant la fiole en morceaux ?,,今の決意表明―――小瓶を粉々にする―――はどういう^事なのか、と。
8266,"「J'ai conclu l'affaire à condition de te faire perdre la mémoire, mais au fond, elle n'est pas d'accord.",,「草十郎には“記憶を無くしてもらう”ってコトで話はつけたけど、心の底から納得してないってコトでしょ。
8324,"Mais comme tu l'as supposé, j'ai déjà fait tout ce qui était en mon pouvoir. À présent, c'est à ton tour de jouer. Tu n'as qu'à agir comme bon te semble.」",,お察しの通り、私のやるべき事はもう終わってるし？　あとは草十郎が努力する番だから、勝手にすれば？」
8513,"...... Et puis, Aoko n'est pas dans une position lui permettant de se préoccuper des gens. Au bout de cinq jours, elle réalisera à quel point sa situation est dangereuse. Ainsi―――」",,……だいたい、青子も人にかまけていられる立場じゃないわ。五日もすれば思い知るでしょう。そうすれば―――」
8558,"Je voudrais que ses fonctions soient uniquement consacrées à la recherche d'intrus, alors s'il est sur le point de s'y égarer, arrête-le.」",,鏡の機能は侵入者の探索に専念させたいし、彼が迷いこみそうになったら止めてあげて」
8634,"D'ailleurs, si tu as des difficultés pour les examens, demande conseil autour de toi. Ça ne sert à rien de s'apitoyer tout seul dans son coin. À l'école, les personnes à qui parler ne manquent pas.」",,また、試験で困ったコトがあったら周りに相談しなさい。ひとりで悩んでいても時間の無駄だよ。ほら、学校っていうのは話し相手にだけは困らないから」
8665,"「Quoi ? Tu parles bien avec les filles de la classe. C'est déjà très bien comme ça, je suis jaloux !",,「クラスの女どもとは話してんじゃん。あれでいいんだっつの、オレは羨ましいっつの。
8750,"Tu fortifies tes défenses, mais tu laisses la porte du château ouverte dans la claire intention d'embrocher ta proie si jamais elle entre par inadvertance. En tant que partenaire, je ne peux pas rester les bras croisés en voyant cela.",,ガチガチに守りをかためて、そのクセ城門だけ開けて、獲物が油断して入ってきたら串刺しにする気満々とか、相棒として見てられないわ。
8788,"「...... Ne t'en fais pas. Je pensais juste que si l'occasion se présentait à nouveau, je voudrais bien revoir un corps humain bouger de cette façon.",,「……気にしないで。機会があるなら、もう一度見たいと思っただけ。
8838,"“Ça prend du temps, mais c'est le plus naturel.",,“こいつは時間がかかるが、もっとも自然だ。
8876,"「Non, je n'aurai sûrement pas fini en une journée, alors j'en achèterai un moi-même.",,「たぶん一日じゃ終わらないから自分で買うよ。
8891,Il salua sa camarade et se dirigea vers le quincaillier.,,少女に礼を言って金物店に向かう。
8917,"le travail,",,アルバイト、
8918,"la sieste, ",,仮眠、
8920,les révisions pour les examens.,,試験勉強。
9321,"「Le seul moment où je la vois, c'est lors des repas, et tu sais à quoi ils ressemblent. Comment veux-tu que nous sympathisions, Aozaki ?」",,「彼女と会えるのは食事の時だけで、食事といったらアレだろう。どうやって仲良くなれって言うんだ」
9325,"「...... Je ne comprends absolument pas, Aozaki.",,「……ぜんぜん分からないな。
9411,"L'une des rares personnes à l'avoir conseillé (malentendus compris), Kinomi Hōsuke, lui avait fait cette suggestion.",,彼の数少ない相談相手（勘違い含む）である木乃美芳助はそんな助言をしてくれた。
9412,"Au passage, la suggestion de Kinomi était à utiliser avec Aoko, mais l'impression de Sōjūrō à ce moment-là avait été :",,ちなみに木乃美の助言は対青子用のものだったが、その時の草十郎の感想は、
9549,"「...... Non. Aozaki devrait bientôt rentrer. Et puis, ce ne sont peut-être pas mes affaires.」",,「……いや。蒼崎も帰ってくるだろうし、いらぬ世話かな」
9793,"Pour moi, vous gâchez de belles occasions de discuter alors que vous vivez au même endroit.」",,せっかく同じ場所に居るのに会話がないなんて、もったいないと思うんだ」
9832,"Je ne peux vraiment pas rester plus longtemps, pensa-t-il avant de mettre un terme à la conversation.",,さすがにこれ以上は延ばせない、と少年は会話を切った。
9947,"Après ce qui s'était passé dans le vestibule, la défiance mêlée d'intérêt qu'Alice ressentait à l'égard de Sōjūrō avait visiblement explosé le compteur, car elle avait exigé qu'Aoko le laisse aussi rentrer seul le lendemain.",,ロビーでの一件で草十郎への不信感、および関心がメーターを振り切ったのか、有珠は“明日も彼をひとりで帰して”と青子に強要した。
9960,"「Aoko, tu me le cachais, n'est-ce pas ?」",,「青子。貴女、隠していたわね」
9966,「Je n'ai pas dit que je te prendrai tout...... Voyons. Que dis-tu de garder 30% ?」,,「なにも全て奪うとは言っていないわ。……そうね。貴女にも三割ぐらいは回すつもり」
9981,"「...... D'accord. Mais, aaah, c'est lamentable. Si j'avais su, j'aurais appris quelques notions d'Alchimie. Comme ça, je n'aurais pas eu à ressentir ce sentiment pitoyable.」",,「……いいけど。あーあ、情けない。こんな事なら錬金術でもかじっておくんだった。そうすれば、こんな思いをしなくてもすんだのに」
9982,「Je n'en suis pas si sûre. Il paraît que les Alchimistes rencontrent des difficultés depuis que la bulle financière a éclaté.」,,「そうでもないわ。彼ら、バブルが弾けて大変だって話よ」
9989,"「...... Non, mais je suis responsable de ne pas l'avoir repéré dans la Barrière, lors de la nuit au parc.",,「……認めてはいないけど、公園での夜、彼を結界で捕捉しなかった責任があるから。
10092,「Je vois. On a tous les deux du mal à trouver comment tuer le temps.」,,「なるほど。時間を持て余しているところも同じだね」
10163,「...... Ça suffit pour réduire autant leur nombre ?,,「……そんな事ぐらいで減るものか？
10408,"J'peux pas accepter ça ! Pourquoi un nouveau venu chez nous devrait, à peine arrivé, être le seul à profiter du regard de Mam'zelle Alice ? Je peux pas laisser passer ça ! Explique-moi ce mystère ! Et ne mens pas. Quand je deviens sérieux, je suis terrible !』",,そのあたりジブン、なんか納得いかないッス。まだうちに入ったばかりの新参ものが、なんでアリスさんの視線をひとりじめしてるっスか？　許せないスけど、その秘訣を教えてほしいっス。切実に。ジブン、本気だしたら凄いッスよ』
10425,Et ça fait mal ! C'est comme si tout mon sang s'écoulait par le coin droit de mon bec !』,,そして痛い、体中の血液がくちばしからこう、右方向に流れていく感覚とかー！』
10490,"「Hyaa ! Cette manière de parler, ne serait-ce pas un certain Tsukiji───!」",,「ひゃあ！　その物言い、槻司某―――！」
10510,"「Oh ! Quoi, alors c'est à propos de la pause ! Tu sais ce qu'il faut dire pour faire plaisir aux gens, Ton Altesse !」",,「お、なんだブレイクかよ！　話せるじゃん、殿下！」
10582,"「Ils viennent de l'étranger. L'amour pour la Grande-Bretagne de leur précédent P.-D.G. leur a porté malheur, et à une époque, ils ont bien failli couler. Mais il y a cinq ans, il a fait déménager leur siège social pour remettre le groupe à flot.",,「ホームグラウンドは国外で、先代の会長の英国びいきがたたって一時期は沈みかけてたんだが、五年くらい前かね。本拠地をこっちに移してからはご存じの通りだ。
10680,"「Mais non. Je retourne continuer le balayage, Tobimaru.」",,「無いよ。戻って掃除の続きをするぞ、鳶丸」
10744,"Il devrait trouver bien plus rapidement la position des Pivots restants, à présent.」",,残りの割り出しは今までより早くなる」
10811,"Si tous les Pivots sont détruits, nous serons finalement assiégées ici......",,支点がすべて潰されたら、いよいよ洋館での籠城になるけど……
10812,"Ça te convient vraiment, Aoko ?」",,いいの、青子？」
10901,"Vous n'avez pas beaucoup dormi après ça, pas vrai ?」",,あれから満足に寝てないだろ、ふたりとも」
11086,"「Voilà. C'est la bonne façon de l'attacher, Aozaki ?」",,「よし。留め方はこれでいいのか」
11254,"Sōjūrō s'inclina légèrement, puis prit les baguettes à la main.",,草十郎は小さくおじぎをしてから箸を手にとった。
11285,"Elle dit parfois des trucs dans le genre, mais j'avais l'impression que ça sonnait faux...... Et donc, j'ai pensé qu'elle n'avait encore jamais commis de meurtre.",,たまにその手の台詞を言うけど、何か違う気がしたんだ。……だからたぶん、蒼崎はまだ人殺しというのを体験していないんじゃないかって。
11298,"...... Oui. Si l'envie lui en prend, Aoko peut porter atteinte à la vie de n'importe qui sans hésitation. Pour le dire à ta façon.」",,……そうね。青子はその気になれば、迷う事なく他人の命に手をだせる。静希君ふうに言うのなら、だけど」
11411,"Et puis, je n'aime pas les hommes intelligents. Pour moi, tout homme devrait être comme Schwarzenegger.」",,顔の良い男は好きじゃないし。やっぱり男はシュワちゃんぐらいじゃないと」
11435,「Pas vraiment. C'est juste qu'il y a de plus en plus de films que j'ai envie de voir. Et ils ne passent pas dans le coin. Et toi ?」,,「別に。見たい映画がたまってるだけ。三咲じゃ上映しない映画をハシゴしたい。蒼崎は？」
11449,"「Kuma, quand j'en aurai fini, viens avec moi au restaurant de ramens de devant la gare.",,「クマ、終わったら駅前のラーメン屋付き合ってよ。
11485,,,「ごめん、木乃美のおかげで僕にも彼女ができました！　彼女の口癖は“木乃美クンよりマシよ
11486,,,”です！」
11502,"「Ouais, la cérémonie d'entrée ! J'ai vu une fille sexy, alors j'ai levé la main par réflexe !",,「おう、入学式な！　すげー身体してる女子がいたからさあ、つい声をかけたんだよな！」
11504,Mais je n'aurais jamais cru que ma main irait aussi loin.,,いや、でもまさか、手が出るとは思わなかった。
11607,"Le Early au réveil, le Breakfast au petit déjeuner, le Elevenses le matin, le Midi Tea Break l'après-midi, l'Afternoon de l'après-midi dans la haute société, le High Tea des soirées mondaines, et l'After Tea après le dîner.",,寝起きのアーリー、朝食のブレックファースト、午前のイレブンジズ、午後のミィディティーブレイク、午後の社交界アフタヌーン、夜会のハイティー、ディナー後のアフターディナー。
11644,"「Ha ha ha. À cause de ça, l'année dernière, on a fini par faire le tour des magasins d'antiquités.」",,「あはは。気が付いたら骨董品回りしてたものね、去年の私たち」
11743,On dit bien que les aristos du Moyen Âge avaient des Alchimistes attitrés qui cherchaient sans relâche un moyen de fabriquer de l'or.」,,ほら、中世の貴族はお抱えの錬金術師で、日夜金を作り出す研究をしてたっていうじゃない!?」
11748,"「...... Aaah. En fin de compte, on ne peut pas leur faire confiance. On prétend que maintenant, les Alchimistes de Prague sont des Mages de la finance, et ceux d'Égypte utilisent de l'or pour fabriquer des armes......」",,「……はあ。錬金術師ほどアテにならない奴はいないってワケか。今じゃプラハの錬金術師は証券魔術師、エジプトの方は兵器作ってるって話だしね……」
11750,"「Les familles huppées de Londres ne mélangent pas préceptes familiaux et affaires, elles préfèrent prendre des disciples spécialisés dans la finance.",,「ロンドンの名門になると、家訓と事業は別物と割り切っていて、金融専門の弟子をとっているわ。
11751,"...... Selon une rumeur, le dirigeant d'un certain conglomérat industriel sucerait le sang de tous ses employés, créant ainsi un réseau au partage d'informations parfait.",,……噂だけど、ある財閥の総帥は社員全員の血を吸って、情報を共有するネットワークを作っているとか。
11816,「...... C'est comme si notre chien domestique venait de nous mordre. Il est drôlement impertinent.」,,「……こういうのを、飼い犬に手を噛まれる、というのかしら。わりと小癪な性格をしていたのね、彼」
11856,"『Et Hutchy le petit prince orphelin, c'est un anime.",,『みつばちマッチはアニメっすね。
11859,"À l'origine, Asics était une société née de la fusion de trois entreprises. Et si on prend les trois présidents ensemble, ça donne six jambes, pas vrai ? C'est pour ça que c'est <Ashi|jambe>, six.」",,アシックスって、もともと三つの会社が合併して出来た会社なのよ。で、三社の社長があつまると足が六本になるじゃない？　だから足、シックス　あくまで俗説だけどね」
11936,"“Si nous désirons trouver le bonheur, arrêtons de nous soucier de la gratitude ou de l'ingratitude et donnons, simplement pour le plaisir de donner.”",,“幸せになりたければ、誰が恩を返した、誰が恩を返さないなどと考えるのはやめて、人に貢献できる喜びを大切にしよう”
11943,"“Les gens riches devraient utiliser leur fortune pour enrichir la société, au lieu de gaspiller leur argent.”",,“富める者は、その富を社会の改善のために使うべきである”
12053,"「―――Tch. C'est vrai, les cigarettes sont...」",,「―――チッ。そうか」
12097,"Il avait pu préserver sa dignité un minimum du fait qu'il était l'enfant d'Hitoyoshi, le fils aîné de Kimekuni. Cela dit, il était aisé d'imaginer quel genre de persécutions avait subies Tobimaru dans sa position délicate, de la part de ses parents et de ses frères et sœurs.",,長男である一義の子という事で最低限の威厳は守られたが、立場の弱い鳶丸が親戚、兄姉たちにどんな迫害を受けたかは想像に難くない。
12213,"Il possède des antiquités indignes de son rang. Aoko et moi, nous nous chargeons donc de les lui subtiliser au compte-gouttes.」",,分不相応にいいアンティークを持っているから、青子と二人で少しずつとりあげているの」
12261,"「Il serait temps que mon père réalise qu'il se fout de lui. C'est à moi qu'il préfère faire les yeux doux, ce salaud de Yankee.",,「親父も舐められてるって気付けよな。親父より先に俺に色目使いやがってクソヤンキーが。
12319,"「Oui, il roule sur l'or comme s'il vendait son corps, genre : “combien pour la nuit” ?」",,「ああ、体でも売ってるとしか思えない羽振りの良さだ。一晩いくら、みたいな」
12593,"Kumari Kojika, secrétaire du conseil étudiant, remit la liste des victimes à Aoko qui s'empressa d'appeler le bipeur de Tobimaru.",,生徒会書記・久万梨金鹿から被害者のリストを受け取って、すぐさま鳶丸の小型無線機に連絡をいれる。
12869,"「Non, c'est vrai. C'est ça, en fait.」",,「いや、そんなもんか、実際」
12880,"「...... Eh bien, je pense que je vais sagement rentrer chez moi.",,「……俺も大人しく家に帰るとするか。
12989,"C'est bon, c'est moi qui paierai. Aujourd'hui, j'ai eu des revenus imprévus, alors soyons fous et dépensons-les.」",,いいわよ、私が出してあげる。今日は臨時収入があったから、パァーッと派手に使いましょう」
12999,"「...... Aaah. Le proverbe dit bien “Bien mal acquis ne profite jamais”, et c'est parfaitement juste. Ma petite rémunération va partir en fumée...」",,「……あーあ。悪銭身に付かずって言うけど、ホントその通り。臨時収入は泡と消えた、か」
13177,"「En fait, j'ai reçu ma paye aujourd'hui.",,「実は今日、給料日だったんだ。
13269,「Sōjūrō. Tu te rappelles de ce qu'a dit Kinomi ?」,,「木乃美くんがなんて言ったか、覚えてる？」
13280,"Euh...... Voyons, pour faire un parallèle, c'est comme un cahier de cours.",,えーと……そうね、喩えるなら授業のノート。
13328,「De grands artistes viendront au Japon dès l'été prochain......,,「来年夏にはビッグアーティストも来日予定……
13329,Pinktrude en fait partie ?!,,って、ピンクトゥルーデが入ってない！？
13572,"Elle devait être dans le début de la vingtaine, mais elle ne lui semblait pas beaucoup plus vieille que lui.",,歳の頃は二十代前半だろうけれど、そう草十郎と歳が離れている気がしない。
13580,"Pour le moment, je garde la maison, mais en fait, je suis un ami d'Aozaki.」",,とりあえず、今は留守番してますけど、実は蒼崎の友人なんです」
13732,"「...... Ce n'est rien. Aoko, avais-tu remarqué que nous étions les seules à être descendues à cette gare ?」",,「……どうもなにも。この駅で降りたのは貴女とわたしだけなの、気付いていた？」
13780,,1,
13837,,1,
13934,"En premier lieu, tant que nous serons influencés par notre égoïsme, même les informations que nous recevons de nos cinq sens resteront subjectives. Le monde entier est dans le brouillard. Et puis, j'ai tendance à ne pas croire ce qui est seulement visuel.」",,そもそも我欲があるかぎり、五感による情報にすら主観が入る。全てこの世は霧の中だ。もともと目に見えるだけのものは信じていない質でね」
14005,,1,
14111,「───Je ne le dirai pas deux fois.,,「―――二度は言わないわ。
14113,"Bien que dissimulées, d'intenses émotions brillaient dans les yeux d'Alice.",,有珠の目には、潜めた、けれど激情が灯っている。
14115,「...... Pardon. Je savais pourtant que cet endroit t'est cher.」,,「……すまない。有珠にとってここが大事な場所なのは、分かってたのに」
14175,"Aaah, en le simplifiant de manière à ce que tu puisses comprendre...... Bah, considère ça comme le soleil.",,あー、草十郎の分かるレベルに落としこむと……ま、太陽みたいなものと考えて。
14210,"Après tout, le but final des Mages, c'est d'atteindre le Tourbillon de la Source, et non pas d'obtenir la Vraie Magie.",,だって、魔術師にとって最終目的は根源の渦への到達であって魔法じゃないし。
14231,C'est pour ça que les lignées de Mages se marient entre elles et accumulent le prana des générations précédentes pour le transmettre à la suivante. Tout ça afin de donner naissance à des successeurs qui les surpassent.」,,だから魔術師は血脈を重ねて、代々の魔力を次代に積み重ねていく。自分より勝れた後継者を生むために」
14348,"「Ben, comme je viens de le dire, elle a un sale passe-temps qui consiste à voler ce qui m'appartient et à le détruire. En quatorze ans de détermination sans faille, pas une seule chose sur laquelle elle a jeté son dévolu ne s'en est sortie indemne.」",,「だから、あの人って私の持ち物を横取りしてはぶっ壊すのが趣味なのよ。苦節十四年、姉貴に目をつけられて無事だった物なんてひとつも無いもの」
14412,"「―――,",,「―――、
14413,ahem.」,,ぽこ」
14421,"C'était le travail d'un homme de fer, sans erreur ni relâche.",,あまりにも迷いのない、鉄人の作業だった。
14578,Il a toujours été facile de transformer les cheveux ou les yeux humains en matériau brut utile à la Magie. Et tout particulièrement dans le cas des femmes.,,昔っから人間の髪や目は魔術の材料になりやすいの。女の場合は殊更にね。
14635,"Alors, si la Tōko que nous connaissons a préparé un familier comme arme secrète, il doit...」",,あの橙子さんが切札になる使い魔を用意したのなら、それは」
14795,J'ai tout un tas de choses à te dire. J'aimerais aussi avoir de tes nouvelles. Et je meurs d'envie de t'expliquer pas mal de choses en ce qui concerne cette histoire.,,積もる話もある。君の近況にも興味がある。そもそも今回の件について、色々と説明したくてたまらない。
14957,"『Wood and clay will wash away,",,"『Wood and clay will wash away,』"
15378,"「J'y pouvais rien, non ? Il n'y avait plus de trains. J'aurais pu appeler un taxi, mais malheureusement, je n'avais pas d'argent sur moi.",,「仕方ないだろ。電車、終わってたんだから。タクシーを使えば良かったんだけど、あいにく持ち合わせがなくて。
15384,"「Pourquoi ? On pourrait utiliser certaines choses, mais on ne peut pas simplement parce qu'on n'a pas l'argent. Ce n'est pas terriblement frustrant, ça ?」",,「使えるものがあるのにお金がないだけで使えないんだから、それって不便って言わないか？」
15489,「Je l'ai déjà fait savoir aux gens de l'église.,,「教会の人になら、もう報せた。
15508,「............,,「…………
15509,"Si tu ne peux pas, alors tant pis.」",,出来ないなら、いいわ」
15647,「............,,「…………
15648,Vraiment ?」,,本当？」
15660,"Avez-vous besoin d'autres détails, Ritsuka ?」",,その他に説明は要りますか」
16152,"Il m'a mordue à la gorge, mâchée sur tout le corps, et en plus, il paraît que mon fémur droit avait disparu.",,喉に食い付かれる、体中好き放題噛まれまくる、あげくに右の腿なんてなくなってたそうよ。
16168,"...... On ne peut pas s'opposer à lui, un Mystère de l'Âge des Dieux, sans l'aide d'une Magie plusieurs fois millénaire. Mais dans le même temps, on n'a aucune chance de le battre à coups de poing......」",,……神代の神秘であるあいつには千年クラスの魔術じゃないと太刀打ちできない。かといって殴り合いでどうにかできる相手じゃないし……」
16192,"comment peut-il traiter le corps d'une femme d'une telle façon, ce gamin―――Hein ?」",,人の体を何だと思っているのかしらね、あのお子さ―――なぬ？」
16246,「............,,「…………
16247,Aozaki ?」,,蒼崎？」
16326,"Dans la vie, ton principal spectateur, ce n'est nul autre que toi-même. Voilà pourquoi on ne peut baisser sa garde ici-bas.」",,生きてく上で一番の観客っていうのはね、他ならぬ自分自身なのよ。だから人生っていうのは油断ならないんじゃない」
16450,"「Voilà, c'est ça. S'il y a bien une chose dans laquelle tu excelles, c'est cette adaptabilité.",,「ほら、そこです。君に勝れた部分があるとしたら、その順応性です。
16452,"Tu t'habituais à peine à cette vie remplie de bon sens que tu t'es retrouvé impliqué avec les anomalies que sont Aoko et Alice. Et pourtant, tu as conservé ta routine.",,ようやく慣れた常識の中で、青子たちという非常識と関わっても暮らしていけた事。
16457,"Pouvoir naturellement se fondre dans le paysage ou entre les arbres est une qualité magnifique, mais ne pas avoir d'égo implique ne pas avoir d'endroit où aller.",,風景に溶けこむ自然さは素晴らしい人徳ですが、自我がないという事は、居場所がないという事ですから。
16459,"「Cela dit, le fait que Yuika soit incapable de te voir allait au-delà de toute anticipation.",,「唯架にまで見えない、というのは予想以上でしたが。
16465,"Et par la même occasion, tu as vu en Aoko ce que tu ne pourras jamais obtenir.」",,そして同時に、貴方は青子に、自分ではどうしても手に入れられないものを見てしまった」
16478,"Me voilà gêné. Les mots ne suffisent pas à expliquer ce genre de chose...... Enfin, je ne réponds pas au titre de prêtre pour rien. Je vais me faire porte-parole et changer d'angle d'attaque.",,まいりましたね。こういう事は言葉を尽くすほど実感が湧かないものですが……ま、私も神父と呼ばれる身です。少し切り口を変えて代弁してみましょう。
16522,"―――Cependant, elle a rejeté ma proposition sans hésitation.",,―――しかしまぁ、躊躇なくフられました。
16741,"Pour lui, la notion de bien et de mal se basait simplement sur “l'attirance” et “le dégoût”.",,彼にとっての良し悪しの基準は、単純に「格好いい」か「格好悪い」か。
16965,"Là où elle se situait, son champ de vision était divisé en deux et il lui était impossible de confirmer visuellement la position de sa sœur cadette......!",,橙子の位置からでは視界が二つに別けられ、正面の像を視認できない……！
17230,"De son côté, Aoko ne se souciait guère des préparatifs de Tōko et ne daigna même pas lever le bras pour ajuster sa cible.",,対して、青子は意にも介さず、照準を合わせる為に腕をあげる事もなく、
17334,"Tu sais Alice, je croyais être incapable de trouver ce genre de chose.",,けれどね、有珠。そんな物は、見つからないって思っていたんだ。
17413,Les lames de tonnerre furent repoussées par les balles de prana à la manière d'une bourrasque de vent.,,飛び交う電刃を、暴風の如き魔弾が叩き伏せる。
17533,"「Ferme-la un peu, j'y penserai le moment venu ! La prochaine fois, j'enverrai le temps emprunté dans le passé ! De cette façon, tu n'auras plus de quoi te plaindre, hein ?!",,「その時はその時で、今度は負債を過去に送ってやるわよ！　それなら文句ないんでしょう！？
17547,"「Tu n'as pas à me le dire, je le sais !",,「言われなくても分かってる！
17596,La faute aux cigarettes japonaises. Elles sont trop bonnes.」,,日本の煙草は旨すぎていけない」
17692,,1,
17693,,1,
17731,Aoko répondit malgré elle au murmure sarcastique de Tōko.,,皮肉げな呟きに、青子はついそんな返答をしてしまった。
17782,,1,
17805,"D'après ce que j'ai entendu, Aozaki lui a lancé une malédiction qu'elle ne pourra pas dissiper facilement. Du coup, elle ne pourra plus revenir dans la ville de Misaki pendant dix ans.",,蒼崎が言うにはそう簡単に解呪できない呪いをかけたから、むこう十年は三咲市には入ってこれないって。
17841,Alice prononça quelques paroles inhumaines avant de se mettre en marche sans un bruit.,,わりと非道な事を言って、有珠は歩きだした。
17881,"「Je vois. Si Aoko l'apprenait, je n'aimerais pas être à ta place.」",,「そう。青子が聞いてたら大変ね」
17982,"On peut facilement obtenir le même résultat avec une Aria d'un verset de gematria, mais comme tu es obsédée par les incantations, tu n'as obtenu qu'un Automate qui n'est même pas capable de voler, triple idiote !」",,あんなの、ゲマトリア一節分の詠唱で同じ効果を出せるのに、あくまで呪術にこだわるから空も飛べない人形になるのよ、バカ姉貴っ！」
18055,"Elle faisait semblant de nous prendre à la légère, mais en réalité, elle était sérieuse depuis le début.」",,甘く見ていたフリで、初めから、余裕なかったんだ」
18140,"S'il était essoufflé et tendu, c'était de sa propre faute.",,呼吸が速いのも、力が入っているのも、偏に自分の責任だ。
18236,「..................,,「………………
18237,Espèce... d'idiot.」,,この、ばか」
18542,「――――――,,「――――――
18543,Hein ?」,,は？」
18602,Recourir au poing implique d'en payer le prix en retour. D'autant plus face à un loup-garou.,,拳を振るうのなら相応の負担がある。まして相手は人狼。
18796,――――――,,――――――
18797,J'ai vraiment été naïve.」,,本当に、甘かった」
18939,Le chemin dont on ne voyait pas la fin s'étirait indéfiniment.,,ゴールの見えない道は延々と続いている。
18951,「Je ne te l'ai pas dit ? Je ne ferais que perdre mon temps inutilement si je marchais seule sur un chemin désert. Je voulais une personne avec qui discuter pour tuer le temps.」,,「言わなかった？　こんな何もない道をひとりで歩くのは時間の無駄でしょ。退屈しのぎに話し相手がほしかったの」
19001,"「Eh bien, personne n'est revenu après avoir atteint la Source. Et ce dans le monde entier.",,「根源に触れて、帰ってきた者は一人もいないの。世界規模でね。
19035,"「Dis-moi, Aozaki, que voulais-tu dire quand tu parlais de la changer en grenouille...」",,「そういえば。カエルにするって、いったい……」
19049,"Et apparemment, j'ai eu recours à cette méthode.",,私がやったのは、その再編成の方みたい。
19114,"Mais ce n'est pas comme si tu allais disparaître, pas vrai ? Après les vacances de Noël, on se reverra à l'école.」",,でも蒼崎が消えるわけじゃないんだろう？　冬休みが終われば、また学校で会えるじゃないか」
19156,…………,,…………
19157,Je n'avais pas poussé la réflexion aussi loin.」,,そこまでは、考えていなかった」
19183,「La vie en montagne n'a rien de spécial.,,「山での暮らしは、別に、どうという事はない。
19184,"Chaque jour ressemblait au précédent, et j'apprenais encore et encore les mêmes choses.",,毎日同じ事を繰り返して、毎日同じ事を教えられた。
19197,"Une fois, j'ai même découvert le corps d'une connaissance au pied d'une falaise, peu de temps après sa disparition.」",,見なくなってしばらくした後、崖の下で見覚えのある遺体を見付けた事もあった」
19201,"「...... En y repensant, ça aussi, c'était étrange.",,「山では、誰も他人から奪うことを考えなかった。
19202,"En montagne, personne ne tentait de voler qui que ce soit. Lorsque je cherchais quelque chose à me mettre sous la dent, il n'y avait que les chiens et les ours qui représentaient un danger, jamais les hommes.",,口にできるものを探す時、気をくばる相手は犬だの熊だのだけで、人を気にする事はなかったんだよ。
19203,"Maintenant, c'est plutôt le contraire.",,今は、その逆になりつつあるけど。
19293,C'est à croire que je ne suis jamais gentille.」,,まるで、普段から優しくないみたいじゃない」
19524,「――――――,,「――――――
19525,Aozaki.」,,蒼崎」
19562,"「Tu vois, Aozaki, en montagne, on a vraiment l'impression de pouvoir toucher les étoiles. On sait que c'est impossible, et pourtant, elles ont l'air si proches qu'on croirait pouvoir les saisir si l'envie nous en prenait.",,「山ではね、蒼崎。星は本当に手が届きそうなんだ。届かないのは分かっていても、望めば掴めそうなぐらい近いのに。
19570,"Mais un jour, c'est probablement la montagne que je comparerai à la ville. Parce que je vis ici maintenant.」",,でも、いつか比べるのは街になってしまうんだろう。自分は、こっちに下りてきてしまったんだから」
19746,"Ouaah, ils sont vraiment inutiles !",,うは、マジ使えないヤツらッスー！
19753,c'est facile de créer un familier plus “fort” que lui.,,本人より“強い”使い魔を造る事は簡単よ。
19774,sa raison d'être se briserait en mille morceaux.,,存在意義も跡形もなく壊れてしまうわ。
19784,"Quant à moi, mon camp est fort, mais le roi lui-même n'a que la capacité de “marcher”.",,わたしは陣営こそ強力だけど、王将自体が「歩」の^能力しかない、というイメージね。
19789,"Aux heures de sport, sa tâche est facile : rester assise à la lisière du campus.",,体育の時間は校庭のはじっこで座っているだけのカ^ンタンなお仕事。
19795,"Même moi, il m'arrive parfois de courir un peu.",,わたしだって、走るだけなら少しはこなせるわ。
19800,"Cette fois aussi, on va commencer la leçon ici,",,今回はここ、アリスさんが指定した
19881,Je suis trop scrupuleuse pour l'exhiber devant l'Association des Mages afin d'en obtenir des privilèges et de l'argent.,,魔術協会に公開して権利と利益を得る、なんて低俗^な事はしていないから。
19908,Guah ?!,,ぐぼぁ!?
19921,"Par exemple,",,貴方のような
19922,brûler des calories toutes les cinq secondes,1,××を罵るのに
19928,,1,
19929,,1,
19930,,1,
19931,,1,
20045,alors la vache doit être une parodie du taureau.,,牛は牡牛座のもじりでしょう。
20048,"Mam'zelle Alice, vous le fabriquez à la chaîne ?",,アリスさん、そのたびに作ってるッスか？
20076,Une règle stipule qu'une sorcière doit créer un Ploy suprême de son vivant.,,魔女はその生で一つ、至高のプロイを遺さないとい^けない決まりがあるから。
20345,que ça ! Vous perdez souvent !,,無敵じゃなかったッスね！　アリスさん、負け星のが多いッス、
20346,"Comme moi, quoi !",,ジブンとおそろッスー！
20395,"Et puis, leurs forces ou mes préférences changeaient quotidiennement.",,どれが強いか、どれが好きかなんて、日によって変わるのだし。
20415,『Celui-ci est Sweets Hearts. Lui Scripps Humpty. Celui-là Diddle Diddle. Et lui Flat Snark. Compris ? Appelle-les comme ça dorénavant.』,,『これはスイーツハーツ。これはスクリプス・ハンプティ。これはディドルディドル。これはフラットスナーク。いい。これからはこの名前で統一するのよ』
20419,"『Et puis, ce genre de noms sera bientôt à la mode. C'est certain. Même si on en aura sûrement rapidement assez.』",,『それに近い将来、こういう名前がトレンドになる時代がくるから。絶対。すぐに飽きられるだろうけど』
20420,"『Il faut leur donner un nom de toute façon, alors autant en profiter. C'est notre originalité à nous. Il faut être à la mode populaire, ce serait du gâchis sinon !』",,『なんで、どうせつけるならイカした方がグッドでバッド。せっかくアタシたちだけのオリジナリティなのよ、ポップに流行らせなくちゃ大損だわ！』
20421,"Depuis, j'appelle les Ploy par des noms. Ça a été dur de tous les retenir, mais je ne me suis plus jamais trompée après ça.",,それ以来、わたしはプロイを名前で呼ぶようになった。いちいち名前を覚える手間はあったけれど、プロイを間違えるコトはなくなったわ。
20444,Je vais peut-être commander un poulet rôti.,,それじゃあ、わたしはフライドチキンにしてもらお^うかしら。
20446,"Le menu ne comporte qu'des hot-dogs, du pop-corn et des frites.",,外のメニュー、ホットドッグとポップコーンとポテ^トしかなかったッスよ。
20451,Ha ha ha. Vous ne l'commandez donc pas pour le manger.,,ハハハ。食事として、頼むワケでは、ないと。
20910,"Suse Ritsuka, à peu près deux ans plus vieille que Tōko, était une Mage dépêchée il y a dix ans en tant qu'observatrice du grand-père de cette dernière―――le Mage ayant découvert la voie vers la Cinquième Vraie Magie.",,橙子より二歳ほど年上の周瀬律架は、十年前から橙子の祖^父―――五番目の魔法の路を発掘した魔術師―――の監視^役として派遣された魔術師だ。
21076,"Ritsuka fait du boycott et les élèves font de moins en moins de bénévolat...... Au bout du compte, je suis la seule à travailler.」",,律架もサボタージュ、奉仕の生徒さんたちも日に日に減っていく一方……結局、労働力は私ひとりだけなのですね」
21214,...... Ils n'aiment pas un ingrédient juste parce qu'il sera bon pour le corps. Les hommes mangent en suivant le concept du plaisir. Voilà pourquoi ce qu'on aime évoque la douceur.」,,"……自分の体に合っているからその食材を好む、ではないんだよ。ヒトは ""楽しい"" か ""楽しくない"" かで食事をとる。好きなものが甘く見えるのはその為だ」"
21344,,1,
21345,"Hōsuke, et également,",1,芳助と、
21494,"Je ne vois pas la source de la détonation, mais...... Yurihiko avait-il l'habitude de manipuler des bombes ? Ça m'étonnerait pas d'un artiste. C'est ce que disait Taro Okamoto, non ?」",,爆発もとは見あたらないけど……ユリヒコ、爆弾で遊ぶ性癖があったとか？　まあ、芸術家らしいけど」
21515,"Quel intérêt aurait-on à utiliser des explosifs...... Quoiqu'avec des bombes télécommandées ou à retardement, on peut mettre à profit le délai avant l'explosion. Les deux types de bombes offrent de nombreuses manières de se créer un alibi.」",,爆発物を使う利点は……そうだな、起爆までのタイムラグを利用した時間操作と、遠隔操作があげられる。どちらも不在証明作りには有利だな」
21588,"Ta supposition me semble plutôt juste, pourtant.」",,今の憶測に間違いはないと思うけど？」
21759,「Spur !,,「スキー跡！
21760,"Le nom de cette pension, ça serait pas Spur, Alice ?!」",,そのペンションの名前、スキー跡とか言わない有珠！？」
21783,"En pensant qu'Aozaki venait à l'école d'ici depuis deux ans, mon admiration ainsi que ma stupéfaction envers sa ténacité allaient encore en grandissant.",,二年以上ここから学校に通っていた蒼崎のタフさに、今更ながら感心するような、呆れるような。
21953,"『Hahaha, j'reconnais bien là notre Riddell. La soudaineté de tes éruptions émotionnelles est toujours aussi intense ! T'es pas embarrassée de dire des choses comme “regardez la vraie moi” ? Non, tu l'es pas, hein ? Trop fort ! Je l'savais ! Riddell, le métier de star te convient mieux que celui de Mage !』",,『ハハハ、さすがリデルさん、感情のオンオフ激しいっスね！　ホントのアタシを見てー、とか、メルヘン全開で恥ずかしくないッスか？　恥ずかしくないんスよね。スゲー、やっぱリデルさん、魔術師よりアイドル向けッス！』
22176,"Dans ce cas, le visage prouverait que le corps n'est pas celui du vieil homme. Le coupable aurait voulu à tout prix cacher les traits du cadavre. Toutefois, brûler le visage jusqu'à le rendre méconnaissable donnerait un indice sur la falsification d'identité.」",,その場合、顔があってはあの死体が土桔氏でない事は明白です。犯人はなんとしても顔を隠したい。しかし、だからといって顔を焼いては、その行為そのものが証拠になります」
22267,「,,「
22268,Qu...,,だ、
22269,Qui,1,誰がっ、
22270,traites-tu de,1,三下、
22271,menu fretiiin !」,1,だっつーのっっっっ！」
22273,「,,「
22274,Ne me sous-estimez...,,舐めんじゃ、
22275,pas !,1,ないわよ！
22276,Ggh,,ぐっ、
22277,"Ce n'est pas un petit arrêt cardiaque,",,心臓止まったぐらいで、
22278,gh,,うぐぅ、
22279,"uuh,",,死んで、
22280,qui...,,死んで
22281,qui va,,たまるもん、
22282,me tuer !」,,かっ！」
22387,"「Hum. J'étais dans le manoir la majeure partie du temps, mais comme j'étais occupé avec les préparatifs, je n'ai pas vraiment eu le temps de parler avec tout le monde.",,「うーん。ほとんど屋敷にいたんだけど、パーティーの準備が忙しくてあまりみんなと話していないな。
22388,Parce que deux personnes dont je tairai le nom ne m'ont pas aidé.,,誰かさんと誰かさんが手伝ってくれないから。
22414,「..................」,,「………………」
22421,"Cependant, comme tout le monde s'était rassemblé à partir de sept heures, l'horaire réel devait se situer quelque part entre quatre et six heures.",,ただし、七時からは全員が集まっていたので、実際には四時から七時までの時間だろう。
22452,"Hmm, enfin, passons. Il existe une autre personne qui remplit la condition consistant à connaître le Ploy, une fille dont la présence ici est peu naturelle. Vous voyez de qui je veux parler, n'est-ce pas ?」",,んー、まあ、それはそれとして、プロイを知っている、って条件ならもう一人、とびきり不自然な娘もいるんだけど。それは誰かが指摘するでしょう」
22839,,1,
22840,,1,
22841,,1,
22842,,1,
22844,,1,
22845,,1,
22846,,1,
22847,,1,
22848,,1,
22970,「Hein ?! N... Non Aozaki ! Ne t'isole pasーーー!」,,「え!?　ダ、ダメだってば蒼崎、ひとりになんな―――！」
22985,Aozaki s'écroula au sol et ne bougea plus d'un pouce.,,蒼崎はそのまま地面に倒れ、ぴくりとも動かない。
23028,"Les chambres d'ami sont reliées à un circuit électrique auxiliaire, alors j'espère que l'électricité y marche encore.」",,客室の配線は別系統だから、まだ電源が生きていればいいけど」
23178,「Hum ? On ne peut pas avoir confiance en Kuonji non plus.,,「ん？　久遠寺は信用できねえだろ。
23229,Yamashiro n'avait visiblement pas pris l'avertissement d'Aozaki très au sérieux.,,蒼崎の忠告を、山城先生はどこまで真剣に受けとめているのだろう。
23247,「Sōjūrō a voulu qu'on l'invite. Il répétait qu'il ferait plaisir à tout le monde aujourd'hui.,,「草十郎が声をかけたんでしょ。アイツ、今日はみんなを喜ばせる、とかはりきってたから。
23286,"On peut considérer que tout le monde est suspect au niveau de l'heure des meurtres, mais ce sens de l'humour se limite à un nombre restreint de personnes. Ma foi, on peut sûrement exclure Sōjūrō, Beo et Kinomi sur ce point-là.」",,殺害可能時間は平等にあっても、そのセンスだけは限られる。この点で言えば、まあ、草十郎やらベオやら木乃美やらは除外される」
23439,Il avait fait semblant de dormir pour me rassurer et était resté éveillé.,,眠ったフリをして、わたしを安心させて、寝ずの番をしていてくれたのだ。
23593,"「Monsieur Yamashiro, auriez-vous perdu la raison ?」",,「山城先生、徹夜明けですか？」
23640,,1,
23641,,1,
23642,,0,
23644,,1,
23646,,1,
23710,"「C'est toi le coupable,",,「アンタが
23711,Shizukiーーーー!」,,犯人ね静希ーーーー！」
24016,Je songeai à une sorte de mauvais présage.,,それは何か、不吉な兆しなのでは、と思った。
24017,Je songeai que laisser ouvert n'était pas très prudent.,,鍵はいつも開けっ放しなのか、と思った。
24018,Je songeai que j'aurais pu aisément venir seule.,,これならひとりでも入れるな、と思った。
24019,Je songeai qu'il valait mieux aller dans le salon.,,このまま居間に移動した方がいいと思った。
24020,Je songeai que je devrais voir ma chambre.,,その前に客室の様子を見た方がいいと思った。
24021,Je songeai que je pourrais me promener sans but particulier.,,意味のない行動をしてみるのもいいと思った。
24022,C'était sinistre. Je songeai qu'il valait mieux rentrer.,,何か不穏。洋館に戻るべきだと思った。
24023,Ça m'intriguait. Je songeai qu'il valait mieux vérifier.,,気になる。確かめてみるべきだと思った。
24024,Je songeai que l'averse risquait d'empirer.,,このまま雨脚は強くなるな、と思った。
24025,Je songeai qu'il risquait de grêler.,,このまま雨は雹になるな、と思った。
24026,Je songeai qu'il vaudrait mieux rentrer chez moi.,,このまま帰ってしまおうか、と思った。
24027,Je songeai que le compte était bon.,,数はあっているな、と思った。
24028,Je songeai que le compte n'était pas bon.,,数を間違えているな、と思った。
24029,Je songeai que je n'avais pas encore vu Shizuki.,,……そういえば、まだ静希を見ていないな、と思った。
24030,Je songeai qu'une affaire lugubre venait de commencer.,,これから陰惨な事件が始まるのだ、と思った。
24031,Je songeai qu'une affaire insensée venait de débuter.,,これからトンデモな事件が始まるのだ、と思った。
24032,Je songeai avoir de la chance de faire équipe avec Tsukiji.,,槻司と組めて良かった、と思った。
24033,"Je songeai qu'en gros, c'était du pain.",,大雑把に言うとパンだ、と思った。
24034,"Réaliste, je songeai qu'il s'agissait d'une minibombe.",,現実的に小型爆薬だ、と思った。
24035,Je songeai qu'il avait dû être dévoré par une sorte de chien.,,犬か何かに食いちぎられたのでは、と思った。
24036,Je songeai qu'expliquer la mort de M. Tokitsu Yorihiko serait ardu.,,土桔由里彦氏の死がネックだ、と思った。
24037,Je songeai que s'abstenir de rire une nuit serait aisé.,,たしかに一晩笑わないのなんて簡単、と思った。
24038,Je songeai à faire remarquer qu'une personne manquait à l'appel.,,……そろそろひとり足りない事を指摘すべきだろうか、と思った。
24039,Je songeai que le témoignage de Tsukiji était étrange.,,槻司の話はおかしい、と思った。
24040,Je songeai que le témoignage d'Aozaki était étrange.,,蒼崎の話はおかしい、と思った。
24041,Je songeai que le témoignage de Beo était irritant.,,ベオの話はむかつく、と思った。
24042,Je songeai que les témoignages de Tsukiji et Aozaki étaient étranges.,,槻司と蒼崎の話はおかしい、と思った。
24043,Je songeai que les témoignages de Tsukiji et Beo étaient étranges.,,槻司とベオの話はおかしい、と思った。
24044,Je songeai que les témoignages d'Aozaki et Beo étaient étranges.,,蒼崎とベオの話はおかしい、と思った。
24045,Je songeai que le témoignage de Shizuki était étrange.,,静希の話はおかしい、と思った。
24046,Je songeai que le témoignage de Kuonji était étrange.,,久遠寺さんの話はおかしい、と思った。
24047,Je me demandai avec inquiétude si mon histoire concordait.,,わたしの話は合っているだろうか、と不安に思った。
24048,Je songeai que les témoignages de Shizuki et Kuonji étaient étranges.,,静希と久遠寺さんの話はおかしい、と思った。
24049,Je songeai que le témoignage de Shizuki et le mien étaient étranges.,,静希とわたしの話はおかしい、と思った。
24050,Je songeai que le témoignage de Kuonji et le mien étaient étranges.,,久遠寺さんとわたしの話はおかしい、と思った。
24051,Je songeai que le témoignage de père Eiri était étrange.,,詠梨神父の話はおかしい、と思った。
24052,Je songeai que le témoignage de la sœur était étrange.,,シスターの話はおかしい、と思った。
24053,Je songeai que le témoignage de Ritsuka était étrange.,,律架さんの話はおかしい、と思った。
24054,Je songeai que nous devrions attendre jusqu'au matin dans nos chambres.,,それぞれ客室で朝まで過ごすべきでは、と思った。
24055,Je songeai que nous devrions écouter le témoignage de Riddell.,,その前に、リデルのアリバイ検証もするべきだ、と思った。
24056,Je décidai de jeter un petit coup d'œil dans le couloir.,,ちらっと廊下を盗み見たい、と思った。
24057,Je décidai de la laisser tranquille.,,そっとしておこう、と思った。
24058,Je songeai qu'il fallait se ranger à cet avis.,,その意見に賛成するべきだ、と思った。
24059,Je songeai que cette idée était dangereuse.,,それは危険だ、と思った。
24060,Je songeai qu'il y avait une treizième personne.,,十三人目の存在がいるからだ、と思った。
24061,Je songeai qu'il fallait parler de cet étrange sentiment ressenti en découvrant que le fil du téléphone avait disparu.,,電話線がなくなっていた時の、あの違和感について追求するべきだからだ、と思った。
24062,Je songeai qu'il était dangereux de laisser Aoko seule.,,……蒼崎をひとりにするのは危険だ、と思った。
24063,Je songeai qu'il était préférable d'attendre le retour du trio ici.,,……ここで三人の帰りを待つべきだ、と思った。
24064,Je songeai que c'était un signe de sa mort imminente.,,すごい死亡フラグだ、と思った。
24065,Je songeai que cette personne aussi avait...,,そういえばあの人も……、と思った。
24066,Je pensais enfin pouvoir dormir sur mes deux oreilles.,,あとは安心して眠れる、と思った。
24067,Je pensais que ce ne serait peut-être pas le cas.,,……本当にそうだろうか？　と思った。
24068,Je me dis que ça devait être entre 14 et 16 heures.,,１４時～１６時の間？　と思った。
24069,Je me dis que ça devait être entre 16 et 18 heures.,,１６時～１８時の間？　と思った。
24070,Je me dis que ça devait être entre 18 et 20 heures.,,１８時～２０時の間？　と思った。
24071,Je me dis que ça devait être entre 20 et 22 heures.,,２０時～２２時の間？　と思った。
24072,Je me dis que ça devait être entre 22 heures et minuit.,,２２時～０時の間？　と思った。
24073,"Je... Je songeai qu'il suffirait de fermer à clef, net que de toute façon, j'aurais du mal à dormir si j'acceptais.",,か、鍵をかければ安全だし、そんなことされたら逆に眠れない！　と思った。
24074,"Je... Je songeai qu'au regard de la situation, c'était inévitable.",,そ、そういうコトなら、仕方がない、と思った。
24075,Je songeai qu'il valait mieux fuir jusqu'au matin.,,朝まで逃げるべきだ、と思った。
24076,Je songeai qu'il fallait identifier le coupable.,,犯人を推理すべきだ、と思った。
24077,Aoko Aozaki,,蒼崎 青子
24078,Alice Kuonji,,久遠寺 有珠
24079,Sōjūrō Shizuki,,静希 草十郎
24080,Tōko Aozaki,,蒼崎 橙子
24081,Tobimaru Tsukiji,,槻司 鳶丸
24082,Suivant,,次へ
24083,Hōsuke Kinomi,,木乃美 芳助
24084,Kojika Kumari,,久万梨 金鹿
24085,Lugh Beowulf,,ルゥ・ベオウルフ
24086,Eiri Fumidsuka,,文柄 詠梨
24087,Ritsuka Suse,,周瀬 律架
24088,Suivant,,次へ
24089,Yuika Suse,,周瀬 唯架
24090,Kazuki Yamashiro,,山城 和樹
24091,Yurihiko Tokitsu,,土桔 由里彦
24092,May Riddell Archelot,,メイ・リデル・アーシェロット
24093,Retour,,戻る
24094,Je me demandai si Kuonji était vraiment innocente.,,久遠寺さんは本当に潔癖か？と思った。
24095,Je me demandai pourquoi M. Tokitsu avait organisé une fête d'anniversaire.,,土桔氏はどうして誕生会を？と思った。
24096,Je me dis qu'il y avait deux sortes de coupables.,,殺人は二種類に分けられる？と思った。
24097,Je songeai au crochetage de Ritsuka.,,律架さんのピッキング……！と思った。
24098,Je me dis que son nom trahissait sa véritable nature.,,名は体を表す、と思った。
24099,Qui possédait ce fameux “prana” ?,,魔力とやらを持っているのは誰だ、と思った。
24100,Qui avait pu activer le Ploy ?,,プロイとやらを起動できたのは誰だ、と思った。
24101,Qui était resté à la vue de tout le monde en permanence ?,,常にみんなに見られていたのは誰だ、と思った。
24102,Aoko Aozaki,,蒼崎 青子
24103,Alice Kuonji,,久遠寺 有珠
24104,Sōjūrō Shizuki,,静希 草十郎
24105,Tōko Aozaki,,蒼崎 橙子
24106,Tobimaru Tsukiji,,槻司 鳶丸
24107,Suivant,,次へ
24108,Hōsuke Kinomi,,木乃美 芳助
24109,Kojika Kumari,,久万梨 金鹿
24110,Lugh Beowulf,,ルゥ・ベオウルフ
24111,Eiri Fumidsuka,,文柄 詠梨
24112,Ritsuka Suse,,周瀬 律架
24113,Suivant,,次へ
24114,Yuika Suse,,周瀬 唯架
24115,Kazuki Yamashiro,,山城 和樹
24116,Yurihiko Tokitsu,,土桔 由里彦
24117,May Riddell Archelot,,メイ・リデル・アーシェロット
24118,Retour,,戻る
24119,Le fait que je faisais erreur depuis le début.,,はじめから間違えていたからだ、と思った。
24120,Le fait que j'ai survécu jusqu'à la fin.,,最後まで生き残ったからだ、と思った。
24121,J'avais enfin acquis la certitude que ces choix qui devenaient réalité étaient une preuve irréfutable.,,そもそもこの、思った通りになる選択肢こそが証拠だと、わたしはようやく確信した。
24122,,,Tea Time^Little happening of last night
24123,,,Tea Time^night's
24124,,,Tea Time^Blues in her name
24125,,,Tea Time^Night of the witches I
24126,,,Tea Time^Night of the witches II
24127,,,Tea Time^Like a dog.
24128,,,Tea Time^Are you for real ?
24129,,,Tea Time^ARE YOU FOR REAL !?
24130,,,"Tea Time^SCARRED,SCAR RED."
24131,,,Tea Time^HOWLING
24132,,,Tea Time^WITCH ON THE HOLY NIGHT I
24133,,,Tea Time^WITCH ON THE HOLY NIGHT II
24134,,,Tea Time^A tale of the star